term,effect,se,ci_low,ci_high,outcome,factor_type,factor_level,effect_type
Intercept,1.1528947841945894,0.19412496891095948,0.770972354830505,1.5348172135586737,do_well_main,other,Intercept,raw_coef
C(ballroom_partner)[T.Alan Bersten (Rashad Jennings week 9)],0.6927084824625177,0.3418083613727832,0.020233012229073477,1.365183952695962,do_well_main,pro_dancer,Alan Bersten (Rashad Jennings week 9),raw_coef
C(ballroom_partner)[T.Alec Mazo],-0.16753520069808925,0.18922600001069484,-0.5398193742815565,0.20474897288537802,do_well_main,pro_dancer,Alec Mazo,raw_coef
C(ballroom_partner)[T.Allison Holker],0.01034297269386523,0.19077850578217148,-0.3649956084661775,0.385681553853908,do_well_main,pro_dancer,Allison Holker,raw_coef
C(ballroom_partner)[T.Andrea Hale],-0.651488256862187,0.3484671170645856,-1.3370641961626557,0.03408768243828153,do_well_main,pro_dancer,Andrea Hale,raw_coef
C(ballroom_partner)[T.Anna Demidova],0.1693193494489311,0.3362856261315768,-0.4922906640022706,0.8309293629001329,do_well_main,pro_dancer,Anna Demidova,raw_coef
C(ballroom_partner)[T.Anna Trebunskaya],-0.04287852833244246,0.15336733151915566,-0.3446141791736773,0.25885712250879234,do_well_main,pro_dancer,Anna Trebunskaya,raw_coef
C(ballroom_partner)[T.Artem Chigvintsev],0.06032906021440806,0.136821743306335,-0.20885471808333825,0.32951283851215435,do_well_main,pro_dancer,Artem Chigvintsev,raw_coef
C(ballroom_partner)[T.Ashly DelGrosso],-0.1077772110870484,0.20590350639247965,-0.5128727936757519,0.29731837150165513,do_well_main,pro_dancer,Ashly DelGrosso,raw_coef
C(ballroom_partner)[T.Brandon Armstrong],-0.05733399640556926,0.14837969023454,-0.3492569369761807,0.23458894416504222,do_well_main,pro_dancer,Brandon Armstrong,raw_coef
C(ballroom_partner)[T.Brian Fortuna],-0.650151105868753,0.3482599617851075,-1.3353194868420382,0.03501727510453212,do_well_main,pro_dancer,Brian Fortuna,raw_coef
C(ballroom_partner)[T.Britt Stewart],-0.0971431922964513,0.16495096171541934,-0.42166853479987204,0.22738215020696945,do_well_main,pro_dancer,Britt Stewart,raw_coef
C(ballroom_partner)[T.Charlotte Jorgensen],0.3120258464247738,0.3589154216376689,-0.39410613926001203,1.0181578321095597,do_well_main,pro_dancer,Charlotte Jorgensen,raw_coef
C(ballroom_partner)[T.Chelsie Hightower],-0.03410089892160548,0.16702096364969168,-0.3626987735261814,0.2944969756829705,do_well_main,pro_dancer,Chelsie Hightower,raw_coef
C(ballroom_partner)[T.Cheryl Burke],0.21863094951198137,0.12788294701875752,-0.032966596510265456,0.4702284955342282,do_well_main,pro_dancer,Cheryl Burke,raw_coef
C(ballroom_partner)[T.Corky Ballas],0.32072449571360695,0.26252535904746077,-0.19576920141132903,0.8372181928385429,do_well_main,pro_dancer,Corky Ballas,raw_coef
C(ballroom_partner)[T.Damian Whitewood],0.4520471123303859,0.3511020290588622,-0.23871276593301044,1.1428069905937823,do_well_main,pro_dancer,Damian Whitewood,raw_coef
C(ballroom_partner)[T.Daniella Karagach],0.1806966300165499,0.17143880038405743,-0.15659291855242358,0.5179861785855233,do_well_main,pro_dancer,Daniella Karagach,raw_coef
C(ballroom_partner)[T.Daniella Karagach (Rumer Willis week 9)],0.521664467721779,0.34239453653406426,-0.15196424643945705,1.195293181883015,do_well_main,pro_dancer,Daniella Karagach (Rumer Willis week 9),raw_coef
C(ballroom_partner)[T.Derek Hough],0.33607593129465413,0.13611064283613128,0.06829117559882114,0.6038606869904871,do_well_main,pro_dancer,Derek Hough,raw_coef
C(ballroom_partner)[T.Dmitry Chaplin],0.059057495197607196,0.21819827402233208,-0.3702268743771431,0.4883418647723575,do_well_main,pro_dancer,Dmitry Chaplin,raw_coef
C(ballroom_partner)[T.Edyta Sliwinska],-0.07290654655043591,0.15522202174556884,-0.3782911241678777,0.2324780310670059,do_well_main,pro_dancer,Edyta Sliwinska,raw_coef
C(ballroom_partner)[T.Elena Grinenko],-0.48903727245187223,0.2571997506285437,-0.9950533410851969,0.016978796181452482,do_well_main,pro_dancer,Elena Grinenko,raw_coef
C(ballroom_partner)[T.Emma Slater],0.08414401513384866,0.13023575585962074,-0.17208245870419053,0.3403704889718879,do_well_main,pro_dancer,Emma Slater,raw_coef
C(ballroom_partner)[T.Emma Slater/Kaitlyn Bristowe (week 9)],0.5299021329120656,0.3422983461597489,-0.14353733582831574,1.203341601652447,do_well_main,pro_dancer,Emma Slater/Kaitlyn Bristowe (week 9),raw_coef
C(ballroom_partner)[T.Ezra Sosa],-0.5812579696233734,0.33656972759586656,-1.243426925708468,0.08091098646172112,do_well_main,pro_dancer,Ezra Sosa,raw_coef
C(ballroom_partner)[T.Ezra Sosa (Apolo Anton Ohno week 9)],0.44512933580847874,0.3417847123738078,-0.22729960726675708,1.1175582788837146,do_well_main,pro_dancer,Ezra Sosa (Apolo Anton Ohno week 9),raw_coef
C(ballroom_partner)[T.Fabian Sanchez],0.01697947518795792,0.33644592916050975,-0.6449459192396734,0.6789048696155893,do_well_main,pro_dancer,Fabian Sanchez,raw_coef
C(ballroom_partner)[T.Gleb Savchenko],-0.07112258360981462,0.13243002414341543,-0.33166607178312885,0.18942090456349964,do_well_main,pro_dancer,Gleb Savchenko,raw_coef
C(ballroom_partner)[T.Henry Byalikov],0.6108675473005868,0.3386290774062215,-0.05535298384408682,1.2770880784452605,do_well_main,pro_dancer,Henry Byalikov,raw_coef
C(ballroom_partner)[T.Inna Brayer],-0.4817799914810912,0.33750309459214217,-1.1457852584369905,0.18222527547480805,do_well_main,pro_dancer,Inna Brayer,raw_coef
C(ballroom_partner)[T.Jan Ravnik],0.056575579435071764,0.34240987040456095,-0.6170833026592463,0.7302344615293898,do_well_main,pro_dancer,Jan Ravnik,raw_coef
C(ballroom_partner)[T.Jenna Johnson],0.04738218074399401,0.14406825395816047,-0.2360584186524711,0.3308227801404591,do_well_main,pro_dancer,Jenna Johnson,raw_coef
C(ballroom_partner)[T.Jesse DeSoto],-0.3299086250162058,0.3516724812141596,-1.0217908136872196,0.361973563654808,do_well_main,pro_dancer,Jesse DeSoto,raw_coef
C(ballroom_partner)[T.Jonathan Roberts],-0.12843566921284175,0.1736051087794437,-0.46998722369357004,0.21311588526788658,do_well_main,pro_dancer,Jonathan Roberts,raw_coef
C(ballroom_partner)[T.Julianne Hough],0.1040875122523391,0.18669895782251694,-0.26322494596123613,0.4713999704659143,do_well_main,pro_dancer,Julianne Hough,raw_coef
C(ballroom_partner)[T.Karina Smirnoff],0.00038695993187178306,0.13691590782483368,-0.2689820781079194,0.26975599797166294,do_well_main,pro_dancer,Karina Smirnoff,raw_coef
C(ballroom_partner)[T.Keo Motsepe],-0.1355934184300522,0.14875615778290194,-0.4282570231277656,0.1570701862676612,do_well_main,pro_dancer,Keo Motsepe,raw_coef
C(ballroom_partner)[T.Koko Iwasaki],-0.19877507179839607,0.24202192685868254,-0.6749302144562264,0.27738007085943417,do_well_main,pro_dancer,Koko Iwasaki,raw_coef
C(ballroom_partner)[T.Kym Herjavec],-0.0441032853917056,0.3355967409553085,-0.7043579827207759,0.6161514119373647,do_well_main,pro_dancer,Kym Herjavec,raw_coef
C(ballroom_partner)[T.Kym Johnson],0.10928013093840393,0.14561144281225058,-0.17719654588503042,0.3957568077618383,do_well_main,pro_dancer,Kym Johnson,raw_coef
C(ballroom_partner)[T.Lacey Schwimmer],0.06046983942522768,0.17459105347284196,-0.28302146754913277,0.4039611463995881,do_well_main,pro_dancer,Lacey Schwimmer,raw_coef
C(ballroom_partner)[T.Lindsay Arnold],0.14511796132940552,0.1447911712421667,-0.13974490912722176,0.4299808317860328,do_well_main,pro_dancer,Lindsay Arnold,raw_coef
C(ballroom_partner)[T.Louis van Amstel],-0.033621239724075346,0.151891251957988,-0.33245284429502125,0.2652103648468706,do_well_main,pro_dancer,Louis van Amstel,raw_coef
C(ballroom_partner)[T.Maksim Chmerkoskiy],0.14790547889940475,0.13774964658827304,-0.1231038609303835,0.418914818729193,do_well_main,pro_dancer,Maksim Chmerkoskiy,raw_coef
C(ballroom_partner)[T.Mark Ballas],0.06003043173315546,0.12959506508962337,-0.1949355438973565,0.31499640736366746,do_well_main,pro_dancer,Mark Ballas,raw_coef
C(ballroom_partner)[T.Nick Kosovich],-0.46955616908823283,0.25771678201809545,-0.9765894478489454,0.03747710967247975,do_well_main,pro_dancer,Nick Kosovich,raw_coef
C(ballroom_partner)[T.Pasha Pashkov],-0.11256682084958648,0.1566090019836146,-0.4206801502858496,0.19554650858667666,do_well_main,pro_dancer,Pasha Pashkov,raw_coef
C(ballroom_partner)[T.Peta Murgatroyd],0.03817433181966871,0.13388844155827329,-0.22523845402943746,0.3015871176687749,do_well_main,pro_dancer,Peta Murgatroyd,raw_coef
C(ballroom_partner)[T.Rylee Arnold],0.11016488656898825,0.20917045799856895,-0.3013581128585292,0.5216878859965057,do_well_main,pro_dancer,Rylee Arnold,raw_coef
C(ballroom_partner)[T.Sasha Farber],0.21482254109077498,0.13487189315423623,-0.05052509231966906,0.480170174501219,do_well_main,pro_dancer,Sasha Farber,raw_coef
C(ballroom_partner)[T.Sharna Burgess],0.07072675989452652,0.13585799378531724,-0.19656093280212222,0.3380144525911753,do_well_main,pro_dancer,Sharna Burgess,raw_coef
C(ballroom_partner)[T.Tony Dovolani],0.06342877252971509,0.13601993184303524,-0.20417751790712718,0.3310350629665573,do_well_main,pro_dancer,Tony Dovolani,raw_coef
C(ballroom_partner)[T.Tristan MacManus],0.2493733327905486,0.18816089473255268,-0.12081534737113661,0.6195620129522338,do_well_main,pro_dancer,Tristan MacManus,raw_coef
C(ballroom_partner)[T.Tyne Stecklein],-0.177540668600093,0.33813752239068573,-0.8427941119623308,0.4877127747621448,do_well_main,pro_dancer,Tyne Stecklein,raw_coef
C(ballroom_partner)[T.Val Chmerkovskiy],-0.04196853325148409,0.33172990584556605,-0.6946155999529839,0.6106785334500158,do_well_main,pro_dancer,Val Chmerkovskiy,raw_coef
C(ballroom_partner)[T.Val Chmerkovskiy (Joey Graziadei week 9)],0.4285057450260265,0.35681661467659925,-0.27349703740461423,1.1305085274566673,do_well_main,pro_dancer,Val Chmerkovskiy (Joey Graziadei week 9),raw_coef
C(ballroom_partner)[T.Valentin Chmerkovskiy],0.1269717718377202,0.12661511956707605,-0.12213144415023433,0.3760749878256747,do_well_main,pro_dancer,Valentin Chmerkovskiy,raw_coef
C(ballroom_partner)[T.Witney Carson],0.10848809063338981,0.1321760937431424,-0.15155581360744147,0.3685319948742211,do_well_main,pro_dancer,Witney Carson,raw_coef
C(ballroom_partner)[T.Witney Carson (Xoshitl Gomez week 9)],0.4224639196365983,0.3462328520883098,-0.2587163156368744,1.103644154910071,do_well_main,pro_dancer,Witney Carson (Xoshitl Gomez week 9),raw_coef
C(celebrity_industry)[T.Fashion],-0.3512806562812944,0.0934091452229663,-0.5350542731865011,-0.16750703937608763,do_well_main,industry,Fashion,raw_coef
C(celebrity_industry)[T.Media],-0.033521062731778586,0.05034008949781655,-0.13256040518869888,0.06551827972514172,do_well_main,industry,Media,raw_coef
C(celebrity_industry)[T.Music],-0.04799454625157695,0.050836818597290286,-0.14801115600940723,0.052022063506253324,do_well_main,industry,Music,raw_coef
C(celebrity_industry)[T.Other],-0.036603053382854474,0.0758266274764686,-0.18578473742259038,0.11257863065688145,do_well_main,industry,Other,raw_coef
C(celebrity_industry)[T.Politics],0.0669111088189586,0.18943333670728268,-0.30578098001261605,0.4396031976505333,do_well_main,industry,Politics,raw_coef
C(celebrity_industry)[T.Social Media],-0.02404805354750851,0.12061908708527949,-0.26135464540802233,0.21325853831300529,do_well_main,industry,Social Media,raw_coef
C(celebrity_industry)[T.Sports],-0.040671644329961315,0.04728209562236089,-0.13369467442661945,0.05235138576669682,do_well_main,industry,Sports,raw_coef
C(season)[T.2],-0.037076493779741836,0.17522580783700226,-0.38181661964725944,0.3076636320877758,do_well_main,other,C(season)[T.2],raw_coef
C(season)[T.3],-0.07234360080197115,0.17458431582647893,-0.4158216520973656,0.2711344504934233,do_well_main,other,C(season)[T.3],raw_coef
C(season)[T.4],0.016437150426086775,0.1741968428039181,-0.32627858451752834,0.3591528853697019,do_well_main,other,C(season)[T.4],raw_coef
C(season)[T.5],-0.18723282869979274,0.1693412044756761,-0.5203955566457035,0.145929899246118,do_well_main,other,C(season)[T.5],raw_coef
C(season)[T.6],-0.22378537410672877,0.17308817743971183,-0.5643199152985825,0.1167491670851249,do_well_main,other,C(season)[T.6],raw_coef
C(season)[T.7],-0.2061941620941384,0.17200950109261137,-0.5446065100756423,0.13221818588736553,do_well_main,other,C(season)[T.7],raw_coef
C(season)[T.8],-0.24247350678204452,0.17063880356039646,-0.5781891376211649,0.0932421240570758,do_well_main,other,C(season)[T.8],raw_coef
C(season)[T.9],-0.2150440803142401,0.1651171497431307,-0.5398963819699575,0.10980822134147727,do_well_main,other,C(season)[T.9],raw_coef
C(season)[T.10],-0.1964612438567476,0.17376648533856986,-0.5383302913825471,0.14540780366905184,do_well_main,other,C(season)[T.10],raw_coef
C(season)[T.11],-0.27189520496509484,0.17405393381905196,-0.6143297800610911,0.07053937013090139,do_well_main,other,C(season)[T.11],raw_coef
C(season)[T.12],-0.164241406256349,0.17590071628842952,-0.5103093503680292,0.18182653785533112,do_well_main,other,C(season)[T.12],raw_coef
C(season)[T.13],-0.3263853877858707,0.17522705993844764,-0.6711279770439995,0.018357201472258222,do_well_main,other,C(season)[T.13],raw_coef
C(season)[T.14],-0.21192194701761258,0.17570462077605883,-0.557604091842925,0.13376019780769982,do_well_main,other,C(season)[T.14],raw_coef
C(season)[T.15],-0.2713236474291656,0.1718995915679916,-0.6095197588652703,0.06687246400693914,do_well_main,other,C(season)[T.15],raw_coef
C(season)[T.16],-0.1586499303790193,0.1765064834664769,-0.5059096638497231,0.18860980309168446,do_well_main,other,C(season)[T.16],raw_coef
C(season)[T.17],-0.21182353395664894,0.17948658316882296,-0.5649463304040131,0.14129926249071523,do_well_main,other,C(season)[T.17],raw_coef
C(season)[T.18],-0.12799227997244028,0.17852269603304274,-0.47921872007473876,0.2232341601298582,do_well_main,other,C(season)[T.18],raw_coef
C(season)[T.19],-0.18887225923684778,0.17871182929860258,-0.5404708010665099,0.16272628259281433,do_well_main,other,C(season)[T.19],raw_coef
C(season)[T.20],-0.19708327209954965,0.17831747189026986,-0.5479059532026236,0.1537394090035243,do_well_main,other,C(season)[T.20],raw_coef
C(season)[T.21],-0.13173611886913372,0.17523852505366874,-0.4765012646519732,0.21302902691370573,do_well_main,other,C(season)[T.21],raw_coef
C(season)[T.22],-0.11707798159887685,0.17698900641330598,-0.46528703311511965,0.23113106991736598,do_well_main,other,C(season)[T.22],raw_coef
C(season)[T.23],-0.2002988686613623,0.17840793155245135,-0.5512995205537357,0.1507017832310111,do_well_main,other,C(season)[T.23],raw_coef
C(season)[T.24],-0.18035975827677453,0.18247123913480293,-0.5393545817165342,0.17863506516298505,do_well_main,other,C(season)[T.24],raw_coef
C(season)[T.25],-0.18556354146729773,0.17771841720760065,-0.5352076394081413,0.16408055647354583,do_well_main,other,C(season)[T.25],raw_coef
C(season)[T.26],-0.26417292111330776,0.1899133869820162,-0.6378094632430422,0.1094636210164267,do_well_main,other,C(season)[T.26],raw_coef
C(season)[T.27],-0.19186676051436313,0.18057846368734454,-0.547137728124605,0.16340420709587883,do_well_main,other,C(season)[T.27],raw_coef
C(season)[T.28],-0.055447036260134856,0.1821779565850488,-0.41386485415279467,0.30297078163252494,do_well_main,other,C(season)[T.28],raw_coef
C(season)[T.29],-0.08098991439892607,0.17872663461366056,-0.43261758427907115,0.27063775548121904,do_well_main,other,C(season)[T.29],raw_coef
C(season)[T.30],-0.1596096414471988,0.1795539378775809,-0.5128649518835786,0.19364566898918106,do_well_main,other,C(season)[T.30],raw_coef
C(season)[T.31],-0.11153506758649627,0.17712212116172113,-0.46000600972085026,0.2369358745478577,do_well_main,other,C(season)[T.31],raw_coef
C(season)[T.32],-0.12995155635671563,0.18338883191629168,-0.49075165639865137,0.23084854368522012,do_well_main,other,C(season)[T.32],raw_coef
C(season)[T.33],-0.10318614497958091,0.18902422298011645,-0.47507334142950014,0.26870105147033835,do_well_main,other,C(season)[T.33],raw_coef
C(season)[T.34],-0.3341905729758088,0.20273932687204038,-0.7330609330381688,0.0646797870865512,do_well_main,other,C(season)[T.34],raw_coef
celebrity_age_during_season,-0.12784309162006732,0.019328082804086186,-0.1658692578618384,-0.08981692537829629,do_well_main,age_1sd,age_1sd,age_1sd_scaled
Intercept,0.6654823240409303,0.044434501968359325,0.5783527439667674,0.7526119041150933,judge_norm,other,Intercept,raw_coef
C(ballroom_partner)[T.Alan Bersten (Rashad Jennings week 9)],-0.07091668525531794,0.05496843790739854,-0.17870177792080402,0.03686840741016814,judge_norm,pro_dancer,Alan Bersten (Rashad Jennings week 9),raw_coef
C(ballroom_partner)[T.Alec Mazo],0.008669655155584507,0.0426428798941587,-0.0749468152389007,0.09228612555006971,judge_norm,pro_dancer,Alec Mazo,raw_coef
C(ballroom_partner)[T.Allison Holker],0.05525832209361169,0.0353850699090597,-0.01412664106557162,0.124643285252795,judge_norm,pro_dancer,Allison Holker,raw_coef
C(ballroom_partner)[T.Andrea Hale],-0.3697363234845774,0.14894420590475002,-0.6617941960854998,-0.07767845088365494,judge_norm,pro_dancer,Andrea Hale,raw_coef
C(ballroom_partner)[T.Anna Demidova],0.02923024322267109,0.062081053368151826,-0.092501651384372,0.15096213782971418,judge_norm,pro_dancer,Anna Demidova,raw_coef
C(ballroom_partner)[T.Anna Trebunskaya],0.014990888627461127,0.0307904309670219,-0.045384657437383784,0.07536643469230604,judge_norm,pro_dancer,Anna Trebunskaya,raw_coef
C(ballroom_partner)[T.Artem Chigvintsev],0.12129820548874798,0.025669762567840766,0.07096354359173708,0.1716328673857589,judge_norm,pro_dancer,Artem Chigvintsev,raw_coef
C(ballroom_partner)[T.Ashly DelGrosso],-0.12330107602769097,0.04691424820259544,-0.21529307693495628,-0.03130907512042566,judge_norm,pro_dancer,Ashly DelGrosso,raw_coef
C(ballroom_partner)[T.Brandon Armstrong],0.06141600475848414,0.028819006523985825,0.004906134604488563,0.11792587491247972,judge_norm,pro_dancer,Brandon Armstrong,raw_coef
C(ballroom_partner)[T.Brian Fortuna],-0.01648306229571191,0.09002883524961607,-0.1930164825521307,0.16005035796070685,judge_norm,pro_dancer,Brian Fortuna,raw_coef
C(ballroom_partner)[T.Britt Stewart],-0.024746447241205984,0.0334696498143298,-0.0903755508514679,0.04088265636905592,judge_norm,pro_dancer,Britt Stewart,raw_coef
C(ballroom_partner)[T.Charlotte Jorgensen],0.2288089305552166,0.07389717667681826,0.08390734086029472,0.37371052025013846,judge_norm,pro_dancer,Charlotte Jorgensen,raw_coef
C(ballroom_partner)[T.Chelsie Hightower],0.013738138731751247,0.03192975793391202,-0.04887146140807785,0.07634773887158033,judge_norm,pro_dancer,Chelsie Hightower,raw_coef
C(ballroom_partner)[T.Cheryl Burke],0.048086423073963616,0.023660007275437902,0.0016925982950007287,0.0944802478529265,judge_norm,pro_dancer,Cheryl Burke,raw_coef
C(ballroom_partner)[T.Corky Ballas],0.10759872723552198,0.052852960670225387,0.003961777008148454,0.2112356774628955,judge_norm,pro_dancer,Corky Ballas,raw_coef
C(ballroom_partner)[T.Damian Whitewood],0.05978424158031088,0.06570899529770474,-0.06906151821825571,0.18863000137887745,judge_norm,pro_dancer,Damian Whitewood,raw_coef
C(ballroom_partner)[T.Daniella Karagach],-0.04826689875871594,0.029793333743636678,-0.10668728253934012,0.010153485021908236,judge_norm,pro_dancer,Daniella Karagach,raw_coef
C(ballroom_partner)[T.Daniella Karagach (Rumer Willis week 9)],-0.037962789799909816,0.05473153949544689,-0.1452833592179365,0.06935777961811686,judge_norm,pro_dancer,Daniella Karagach (Rumer Willis week 9),raw_coef
C(ballroom_partner)[T.Derek Hough],0.04765456252039536,0.02435525427130498,-0.00010254025459089516,0.09541166529538161,judge_norm,pro_dancer,Derek Hough,raw_coef
C(ballroom_partner)[T.Dmitry Chaplin],0.02612520339827556,0.04165231500627138,-0.05554891366952468,0.10779932046607581,judge_norm,pro_dancer,Dmitry Chaplin,raw_coef
C(ballroom_partner)[T.Edyta Sliwinska],0.013218621991655905,0.030541291871593747,-0.04666839863005094,0.07310564261336275,judge_norm,pro_dancer,Edyta Sliwinska,raw_coef
C(ballroom_partner)[T.Elena Grinenko],0.0055319465038126455,0.06564028141056168,-0.12317907538014197,0.13424296838776725,judge_norm,pro_dancer,Elena Grinenko,raw_coef
C(ballroom_partner)[T.Emma Slater],0.026789481177667565,0.024726556704708358,-0.02169569153553895,0.07527465389087408,judge_norm,pro_dancer,Emma Slater,raw_coef
C(ballroom_partner)[T.Emma Slater/Kaitlyn Bristowe (week 9)],-0.42485716399314516,0.05875549497934298,-0.5400681234463443,-0.30964620453994607,judge_norm,pro_dancer,Emma Slater/Kaitlyn Bristowe (week 9),raw_coef
C(ballroom_partner)[T.Ezra Sosa],-0.2568804486888815,0.10640300640212176,-0.46552123131871437,-0.04823966605904864,judge_norm,pro_dancer,Ezra Sosa,raw_coef
C(ballroom_partner)[T.Ezra Sosa (Apolo Anton Ohno week 9)],0.11451663471056736,0.05502101851183719,0.00662843914571612,0.2224048302754186,judge_norm,pro_dancer,Ezra Sosa (Apolo Anton Ohno week 9),raw_coef
C(ballroom_partner)[T.Fabian Sanchez],0.03367644052504499,0.06568275412716325,-0.09511786416389614,0.1624707452139861,judge_norm,pro_dancer,Fabian Sanchez,raw_coef
C(ballroom_partner)[T.Gleb Savchenko],0.036452581679205544,0.02565408317343902,-0.01385133521134587,0.08675649856975695,judge_norm,pro_dancer,Gleb Savchenko,raw_coef
C(ballroom_partner)[T.Henry Byalikov],0.09354476628866158,0.14787979763664705,-0.1964259568828981,0.3835154894602213,judge_norm,pro_dancer,Henry Byalikov,raw_coef
C(ballroom_partner)[T.Inna Brayer],0.036305240996570336,0.1479209324823796,-0.2537461416102554,0.32635662360339607,judge_norm,pro_dancer,Inna Brayer,raw_coef
C(ballroom_partner)[T.Jan Ravnik],-0.1107908513109582,0.06388878280124212,-0.23606743978010464,0.014485737158188239,judge_norm,pro_dancer,Jan Ravnik,raw_coef
C(ballroom_partner)[T.Jenna Johnson],0.1144056554484435,0.02703120754305242,0.06140139844561284,0.16740991245127415,judge_norm,pro_dancer,Jenna Johnson,raw_coef
C(ballroom_partner)[T.Jesse DeSoto],-0.011565951162057326,0.10866416697183404,-0.22464054000534958,0.20150863768123492,judge_norm,pro_dancer,Jesse DeSoto,raw_coef
C(ballroom_partner)[T.Jonathan Roberts],0.09854764739946299,0.03797985616542717,0.024074686695927897,0.17302060810299807,judge_norm,pro_dancer,Jonathan Roberts,raw_coef
C(ballroom_partner)[T.Julianne Hough],0.02848539547925612,0.03334798845938752,-0.03690514795146506,0.0938759389099773,judge_norm,pro_dancer,Julianne Hough,raw_coef
C(ballroom_partner)[T.Karina Smirnoff],0.03808894586660322,0.025821749249434305,-0.01254373975425948,0.08872163148746592,judge_norm,pro_dancer,Karina Smirnoff,raw_coef
C(ballroom_partner)[T.Keo Motsepe],0.03835507666705169,0.032025631453253836,-0.02444251746641849,0.10115267080052187,judge_norm,pro_dancer,Keo Motsepe,raw_coef
C(ballroom_partner)[T.Koko Iwasaki],-0.37777965315442824,0.05369928663754658,-0.4830761252144323,-0.2724831810944242,judge_norm,pro_dancer,Koko Iwasaki,raw_coef
C(ballroom_partner)[T.Kym Herjavec],0.07788294124007397,0.07782969694934011,-0.07472974737122476,0.2304956298513727,judge_norm,pro_dancer,Kym Herjavec,raw_coef
C(ballroom_partner)[T.Kym Johnson],0.05487996007312142,0.027368224199547056,0.0012148625419264383,0.1085450576043164,judge_norm,pro_dancer,Kym Johnson,raw_coef
C(ballroom_partner)[T.Lacey Schwimmer],0.022988946530584205,0.03259565300927996,-0.040926376768504684,0.08690426982967309,judge_norm,pro_dancer,Lacey Schwimmer,raw_coef
C(ballroom_partner)[T.Lindsay Arnold],0.012645279892622197,0.026655228929778244,-0.039621737865020754,0.06491229765026514,judge_norm,pro_dancer,Lindsay Arnold,raw_coef
C(ballroom_partner)[T.Louis van Amstel],0.004584082451022796,0.02906184889413011,-0.05240196618585423,0.061570131087899826,judge_norm,pro_dancer,Louis van Amstel,raw_coef
C(ballroom_partner)[T.Maksim Chmerkoskiy],0.043185638860395774,0.025778974666894626,-0.007363172040386036,0.09373444976117759,judge_norm,pro_dancer,Maksim Chmerkoskiy,raw_coef
C(ballroom_partner)[T.Mark Ballas],0.0647947343667417,0.02370386252533619,0.018314915836562556,0.11127455289692084,judge_norm,pro_dancer,Mark Ballas,raw_coef
C(ballroom_partner)[T.Nick Kosovich],0.006525284393818193,0.06526711299638789,-0.12145400863567427,0.13450457742331065,judge_norm,pro_dancer,Nick Kosovich,raw_coef
C(ballroom_partner)[T.Pasha Pashkov],-0.0065882834176892256,0.03158463882853516,-0.06852115530818476,0.05534458847280631,judge_norm,pro_dancer,Pasha Pashkov,raw_coef
C(ballroom_partner)[T.Peta Murgatroyd],0.008701292578161414,0.025380000774192696,-0.04106518868704967,0.0584677738433725,judge_norm,pro_dancer,Peta Murgatroyd,raw_coef
C(ballroom_partner)[T.Rylee Arnold],-0.17507880698366468,0.03675823265369748,-0.24715634208613138,-0.10300127188119798,judge_norm,pro_dancer,Rylee Arnold,raw_coef
C(ballroom_partner)[T.Sasha Farber],0.07264794259901122,0.024226643054232336,0.025143027669954812,0.12015285752806763,judge_norm,pro_dancer,Sasha Farber,raw_coef
C(ballroom_partner)[T.Sharna Burgess],0.0311729134114095,0.02562738758088695,-0.019078657314205737,0.08142448413702474,judge_norm,pro_dancer,Sharna Burgess,raw_coef
C(ballroom_partner)[T.Tony Dovolani],0.06175929294254694,0.02598483660858071,0.010806816787563948,0.11271176909752992,judge_norm,pro_dancer,Tony Dovolani,raw_coef
C(ballroom_partner)[T.Tristan MacManus],0.0795843718318282,0.040571665694030035,2.925051309853044e-05,0.15913949315055786,judge_norm,pro_dancer,Tristan MacManus,raw_coef
C(ballroom_partner)[T.Tyne Stecklein],0.05855526613601616,0.0883269973649773,-0.11464109814645551,0.23175163041848784,judge_norm,pro_dancer,Tyne Stecklein,raw_coef
C(ballroom_partner)[T.Val Chmerkovskiy],-0.013523244985661376,0.06988639937502557,-0.15056028513921513,0.12351379516789238,judge_norm,pro_dancer,Val Chmerkovskiy,raw_coef
C(ballroom_partner)[T.Val Chmerkovskiy (Joey Graziadei week 9)],0.055353264353077226,0.05725203301640335,-0.05690962538659868,0.16761615409275313,judge_norm,pro_dancer,Val Chmerkovskiy (Joey Graziadei week 9),raw_coef
C(ballroom_partner)[T.Valentin Chmerkovskiy],0.08771012933715003,0.0230748203471676,0.04246377080775572,0.13295648786654435,judge_norm,pro_dancer,Valentin Chmerkovskiy,raw_coef
C(ballroom_partner)[T.Witney Carson],0.06277461249067241,0.02414711766847491,0.015425635248758632,0.1101235897325862,judge_norm,pro_dancer,Witney Carson,raw_coef
C(ballroom_partner)[T.Witney Carson (Xoshitl Gomez week 9)],0.15322838782092993,0.05602063728206257,0.043380085586130906,0.263076690055729,judge_norm,pro_dancer,Witney Carson (Xoshitl Gomez week 9),raw_coef
C(celebrity_industry)[T.Fashion],-0.0181417132030241,0.020923913766124017,-0.05917045751636331,0.022887031110315106,judge_norm,industry,Fashion,raw_coef
C(celebrity_industry)[T.Media],0.012417940789254872,0.009304193207778673,-0.0058262255952337486,0.030662107173743493,judge_norm,industry,Media,raw_coef
C(celebrity_industry)[T.Music],0.00603651579154561,0.009566841390510157,-0.012722665386738417,0.024795696969829636,judge_norm,industry,Music,raw_coef
C(celebrity_industry)[T.Other],0.01102536658525012,0.014680154500448992,-0.017760276111021142,0.039811009281521384,judge_norm,industry,Other,raw_coef
C(celebrity_industry)[T.Politics],-0.21426577718586548,0.040978257484644495,-0.2946181657273282,-0.13391338864440278,judge_norm,industry,Politics,raw_coef
C(celebrity_industry)[T.Social Media],0.1008459838613971,0.020460785973003735,0.06072536562909236,0.14096660209370185,judge_norm,industry,Social Media,raw_coef
C(celebrity_industry)[T.Sports],-0.011888815067519303,0.008955134841888025,-0.029448528887127547,0.00567089875208894,judge_norm,industry,Sports,raw_coef
C(season)[T.2],-0.00788162768018433,0.0413443136713356,-0.08895179903493607,0.07318854367456741,judge_norm,other,C(season)[T.2],raw_coef
C(season)[T.3],-0.479691515240412,0.040886807065156454,-0.5598645828421852,-0.3995184476386387,judge_norm,other,C(season)[T.3],raw_coef
C(season)[T.4],-0.5119974515679361,0.0405274131245853,-0.5914658000497457,-0.4325291030861264,judge_norm,other,C(season)[T.4],raw_coef
C(season)[T.5],-0.5274131975981277,0.04020083105569288,-0.6062411662565602,-0.4485852289396951,judge_norm,other,C(season)[T.5],raw_coef
C(season)[T.6],-0.5201317775479901,0.04081733411553905,-0.600168618824306,-0.44009493627167423,judge_norm,other,C(season)[T.6],raw_coef
C(season)[T.7],-0.5208860193841147,0.040625464342665375,-0.6005466320092957,-0.44122540675893374,judge_norm,other,C(season)[T.7],raw_coef
C(season)[T.8],-0.5436893444971092,0.04021708682928295,-0.6225491883575568,-0.46482950063666145,judge_norm,other,C(season)[T.8],raw_coef
C(season)[T.9],-0.5301440394538464,0.0399316697995271,-0.6084442221310462,-0.45184385677664657,judge_norm,other,C(season)[T.9],raw_coef
C(season)[T.10],-0.5110197164596006,0.04088096238655149,-0.591181323498749,-0.4308581094204524,judge_norm,other,C(season)[T.10],raw_coef
C(season)[T.11],-0.5279432483562476,0.04113361699806173,-0.6086002742530296,-0.44728622245946564,judge_norm,other,C(season)[T.11],raw_coef
C(season)[T.12],-0.5131384999621814,0.041056101138129956,-0.5936435285589879,-0.43263347136537483,judge_norm,other,C(season)[T.12],raw_coef
C(season)[T.13],-0.5331924599381053,0.04125078576686221,-0.6140792367079962,-0.4523056831682143,judge_norm,other,C(season)[T.13],raw_coef
C(season)[T.14],-0.5349277063399972,0.040977453408716044,-0.6152785182057937,-0.4545768944742007,judge_norm,other,C(season)[T.14],raw_coef
C(season)[T.15],-0.541605580929735,0.04070692419133847,-0.621425924441803,-0.46178523741766697,judge_norm,other,C(season)[T.15],raw_coef
C(season)[T.16],-0.5524863251819193,0.040939474205350525,-0.6327626653670577,-0.4722099849967809,judge_norm,other,C(season)[T.16],raw_coef
C(season)[T.17],-0.5557026779787475,0.04091176356063948,-0.6359246816296545,-0.47548067432784047,judge_norm,other,C(season)[T.17],raw_coef
C(season)[T.18],-0.5408502607176521,0.04122763690362999,-0.621691645941711,-0.4600088754935931,judge_norm,other,C(season)[T.18],raw_coef
C(season)[T.19],-0.5674196129991365,0.04136231192336085,-0.6485250763020718,-0.4863141496962012,judge_norm,other,C(season)[T.19],raw_coef
C(season)[T.20],-0.5561500550375652,0.041541786130292836,-0.6376074410940235,-0.47469266898110696,judge_norm,other,C(season)[T.20],raw_coef
C(season)[T.21],-0.5676824669944979,0.04108828203375497,-0.6482505976358421,-0.4871143363531536,judge_norm,other,C(season)[T.21],raw_coef
C(season)[T.22],-0.5442626529295505,0.041417857677456864,-0.6254770333580278,-0.46304827250107305,judge_norm,other,C(season)[T.22],raw_coef
C(season)[T.23],-0.5518566302017296,0.041167960976581285,-0.6325809996332409,-0.4711322607702183,judge_norm,other,C(season)[T.23],raw_coef
C(season)[T.24],-0.5380700142646767,0.04202473166886082,-0.620474386111683,-0.4556656424176703,judge_norm,other,C(season)[T.24],raw_coef
C(season)[T.25],-0.5593116780571716,0.0411874315455058,-0.6400742264356509,-0.4785491296786924,judge_norm,other,C(season)[T.25],raw_coef
C(season)[T.26],-0.48624733323978997,0.04857760031386939,-0.5815009251304305,-0.3909937413491494,judge_norm,other,C(season)[T.26],raw_coef
C(season)[T.27],-0.5635301071026056,0.04207372304222008,-0.646030543890119,-0.48102967031509225,judge_norm,other,C(season)[T.27],raw_coef
C(season)[T.28],-0.05245070333495615,0.04191591874176208,-0.13464170889619873,0.02974030222628643,judge_norm,other,C(season)[T.28],raw_coef
C(season)[T.29],-0.044569781166707206,0.04139495006836957,-0.1257392431135574,0.036599680780142974,judge_norm,other,C(season)[T.29],raw_coef
C(season)[T.30],-0.0890466341403742,0.041598355674443005,-0.17061494482540826,-0.007478323455340136,judge_norm,other,C(season)[T.30],raw_coef
C(season)[T.31],-0.06005316014637248,0.041657265830555235,-0.14173698505879267,0.021630664766047705,judge_norm,other,C(season)[T.31],raw_coef
C(season)[T.32],-0.058156125783582306,0.04202724707746455,-0.14056542998012903,0.024253178412964406,judge_norm,other,C(season)[T.32],raw_coef
C(season)[T.33],-0.0033696146035924117,0.04337118815363036,-0.08841419131189422,0.08167496210470941,judge_norm,other,C(season)[T.33],raw_coef
C(season)[T.34],-0.019253834892211833,0.04679237526950579,-0.11100686074603626,0.0724991909616126,judge_norm,other,C(season)[T.34],raw_coef
C(week)[T.2],0.001677715997983995,0.010106837077687865,-0.01814031799469988,0.02149574999066787,judge_norm,other,C(week)[T.2],raw_coef
C(week)[T.3],0.005017955078101205,0.010433309822618617,-0.015440244369609732,0.025476154525812145,judge_norm,other,C(week)[T.3],raw_coef
C(week)[T.4],0.017844605768159664,0.010750357815640477,-0.003235278570157707,0.038924490106477035,judge_norm,other,C(week)[T.4],raw_coef
C(week)[T.5],0.022520246783039558,0.011181504925697078,0.0005949458205824557,0.04444554774549666,judge_norm,other,C(week)[T.5],raw_coef
C(week)[T.6],0.0321250322399364,0.011537074920511453,0.009502510357636218,0.054747554122236586,judge_norm,other,C(week)[T.6],raw_coef
C(week)[T.7],0.03963891025388812,0.012064470287007387,0.015982242948993322,0.06329557755878291,judge_norm,other,C(week)[T.7],raw_coef
C(week)[T.8],0.059456549770234964,0.012813669353774428,0.03433081232417263,0.08458228721629729,judge_norm,other,C(week)[T.8],raw_coef
C(week)[T.9],0.09316691266288846,0.013929332457738829,0.06585352252698898,0.12048030279878794,judge_norm,other,C(week)[T.9],raw_coef
C(week)[T.10],0.1477113567177541,0.015814648260599543,0.11670113716026217,0.178721576275246,judge_norm,other,C(week)[T.10],raw_coef
C(week)[T.11],0.11886286434987349,0.02549920182341548,0.06886264720593968,0.1688630814938073,judge_norm,other,C(week)[T.11],raw_coef
celebrity_age_during_season,-0.02955710209638622,0.003913127638441415,-0.037230174884661925,-0.021884029308110512,judge_norm,age_1sd,age_1sd,age_1sd_scaled
Intercept,0.49311345485536584,0.03111962578616538,0.4320921539734149,0.5541347557373169,fan_norm,other,Intercept,raw_coef
C(ballroom_partner)[T.Alan Bersten (Rashad Jennings week 9)],0.2840453246729147,0.07267915940866547,0.14153150125492628,0.4265591480909031,fan_norm,pro_dancer,Alan Bersten (Rashad Jennings week 9),raw_coef
C(ballroom_partner)[T.Alec Mazo],-0.017088762676660017,0.010517668460190241,-0.037712462206208844,0.0035349368528888106,fan_norm,pro_dancer,Alec Mazo,raw_coef
C(ballroom_partner)[T.Allison Holker],0.00713361992482393,0.011121879704119686,-0.014674854652002856,0.028942094501650716,fan_norm,pro_dancer,Allison Holker,raw_coef
C(ballroom_partner)[T.Andrea Hale],-0.3216459475145089,0.10501056336880121,-0.5275572019473788,-0.11573469308163911,fan_norm,pro_dancer,Andrea Hale,raw_coef
C(ballroom_partner)[T.Anna Demidova],0.03350426697323957,0.02106917145283881,-0.007809476944871704,0.07481801089135084,fan_norm,pro_dancer,Anna Demidova,raw_coef
C(ballroom_partner)[T.Anna Trebunskaya],0.001319677936417581,0.009509897969377254,-0.017327922434278595,0.019967278307113756,fan_norm,pro_dancer,Anna Trebunskaya,raw_coef
C(ballroom_partner)[T.Artem Chigvintsev],-0.005551685314051187,0.009208021210653384,-0.023607346930408397,0.012503976302306026,fan_norm,pro_dancer,Artem Chigvintsev,raw_coef
C(ballroom_partner)[T.Ashly DelGrosso],-0.009734906340607407,0.014391972139767934,-0.037955581880216784,0.018485769199001974,fan_norm,pro_dancer,Ashly DelGrosso,raw_coef
C(ballroom_partner)[T.Brandon Armstrong],-0.023325687435717685,0.011781782401327379,-0.046428140330787085,-0.00022323454064828926,fan_norm,pro_dancer,Brandon Armstrong,raw_coef
C(ballroom_partner)[T.Brian Fortuna],-0.06327784495971128,0.01507343642692905,-0.09283477812635323,-0.03372091179306934,fan_norm,pro_dancer,Brian Fortuna,raw_coef
C(ballroom_partner)[T.Britt Stewart],-0.05151309082468166,0.033517067441642984,-0.11723544465666066,0.014209263007297336,fan_norm,pro_dancer,Britt Stewart,raw_coef
C(ballroom_partner)[T.Charlotte Jorgensen],0.21423402660368182,0.08412500916339051,0.04927646795147403,0.3791915852558896,fan_norm,pro_dancer,Charlotte Jorgensen,raw_coef
C(ballroom_partner)[T.Chelsie Hightower],0.00271501452539027,0.010779132592576587,-0.018421380163214048,0.02385140921399459,fan_norm,pro_dancer,Chelsie Hightower,raw_coef
C(ballroom_partner)[T.Cheryl Burke],0.025710504922444987,0.00956605218550293,0.006952793866564472,0.0444682159783255,fan_norm,pro_dancer,Cheryl Burke,raw_coef
C(ballroom_partner)[T.Corky Ballas],0.03342650752289918,0.01590533604529769,0.002238333760214456,0.06461468128558391,fan_norm,pro_dancer,Corky Ballas,raw_coef
C(ballroom_partner)[T.Damian Whitewood],0.03132672914102696,0.022510428326886614,-0.012813121040821884,0.0754665793228758,fan_norm,pro_dancer,Damian Whitewood,raw_coef
C(ballroom_partner)[T.Daniella Karagach],0.278926324799658,0.029954996775215195,0.22018870103456473,0.3376639485647513,fan_norm,pro_dancer,Daniella Karagach,raw_coef
C(ballroom_partner)[T.Daniella Karagach (Rumer Willis week 9)],0.26508434220355664,0.07223181196991275,0.12344770551160639,0.4067209788955069,fan_norm,pro_dancer,Daniella Karagach (Rumer Willis week 9),raw_coef
C(ballroom_partner)[T.Derek Hough],0.0516843977393698,0.010623809289960607,0.030852570658616397,0.07251622482012321,fan_norm,pro_dancer,Derek Hough,raw_coef
C(ballroom_partner)[T.Dmitry Chaplin],0.007735764792911798,0.013315809664267335,-0.018374704323695503,0.0338462339095191,fan_norm,pro_dancer,Dmitry Chaplin,raw_coef
C(ballroom_partner)[T.Edyta Sliwinska],-0.00696152825898932,0.010017032726054611,-0.02660355005324456,0.01268049353526592,fan_norm,pro_dancer,Edyta Sliwinska,raw_coef
C(ballroom_partner)[T.Elena Grinenko],-0.04098287834244021,0.015857963198162565,-0.07207816047530488,-0.009887596209575533,fan_norm,pro_dancer,Elena Grinenko,raw_coef
C(ballroom_partner)[T.Emma Slater],-0.006391471582216633,0.009238598551333318,-0.02450709115303709,0.011724147988603828,fan_norm,pro_dancer,Emma Slater,raw_coef
C(ballroom_partner)[T.Emma Slater/Kaitlyn Bristowe (week 9)],0.3829928780682785,0.07401284151573162,0.23786388769117006,0.5281218684453869,fan_norm,pro_dancer,Emma Slater/Kaitlyn Bristowe (week 9),raw_coef
C(ballroom_partner)[T.Ezra Sosa],-0.10463473783448499,0.10820966868167875,-0.3168189972575669,0.10754952158859693,fan_norm,pro_dancer,Ezra Sosa,raw_coef
C(ballroom_partner)[T.Ezra Sosa (Apolo Anton Ohno week 9)],0.2531922531464627,0.07270207790177756,0.11063348971944065,0.39575101657348477,fan_norm,pro_dancer,Ezra Sosa (Apolo Anton Ohno week 9),raw_coef
C(ballroom_partner)[T.Fabian Sanchez],0.01802998973617826,0.021047024696233853,-0.023240327441918958,0.05930030691427548,fan_norm,pro_dancer,Fabian Sanchez,raw_coef
C(ballroom_partner)[T.Gleb Savchenko],-0.04299958433695662,0.009046031792545112,-0.060737607010930686,-0.02526156166298256,fan_norm,pro_dancer,Gleb Savchenko,raw_coef
C(ballroom_partner)[T.Henry Byalikov],0.05457472612162763,0.07230004521432967,-0.08719570656666033,0.1963451588099156,fan_norm,pro_dancer,Henry Byalikov,raw_coef
C(ballroom_partner)[T.Inna Brayer],-0.030378565542825437,0.013369401612652237,-0.05659412109041093,-0.004163009995239941,fan_norm,pro_dancer,Inna Brayer,raw_coef
C(ballroom_partner)[T.Jan Ravnik],0.1463613739012124,0.07743854196015823,-0.005484943316108881,0.2982076911185337,fan_norm,pro_dancer,Jan Ravnik,raw_coef
C(ballroom_partner)[T.Jenna Johnson],-0.01412294252691981,0.011424632222586687,-0.03652507310234657,0.008279188048506945,fan_norm,pro_dancer,Jenna Johnson,raw_coef
C(ballroom_partner)[T.Jesse DeSoto],-0.021100521633091767,0.015816140180512292,-0.052113794587524645,0.009912751321341107,fan_norm,pro_dancer,Jesse DeSoto,raw_coef
C(ballroom_partner)[T.Jonathan Roberts],-0.011705161851688952,0.009776798757255427,-0.03087611791421302,0.007465794210835116,fan_norm,pro_dancer,Jonathan Roberts,raw_coef
C(ballroom_partner)[T.Julianne Hough],0.014778461356776228,0.013414657110204113,-0.011525833989663248,0.041082756703215706,fan_norm,pro_dancer,Julianne Hough,raw_coef
C(ballroom_partner)[T.Karina Smirnoff],0.003789498291120556,0.009514017147949727,-0.014866179221530492,0.022445175803771606,fan_norm,pro_dancer,Karina Smirnoff,raw_coef
C(ballroom_partner)[T.Keo Motsepe],-0.006840669696580696,0.008931179639717787,-0.02435348311441609,0.010672143721254697,fan_norm,pro_dancer,Keo Motsepe,raw_coef
C(ballroom_partner)[T.Koko Iwasaki],0.049704671385239055,0.07000159439666766,-0.08755881575458181,0.18696815852505994,fan_norm,pro_dancer,Koko Iwasaki,raw_coef
C(ballroom_partner)[T.Kym Herjavec],-0.0061773731008184915,0.014034367624170086,-0.033696835428772165,0.021342089227135184,fan_norm,pro_dancer,Kym Herjavec,raw_coef
C(ballroom_partner)[T.Kym Johnson],0.0045232349565369505,0.0095149899240922,-0.014134350036174703,0.023180819949248605,fan_norm,pro_dancer,Kym Johnson,raw_coef
C(ballroom_partner)[T.Lacey Schwimmer],0.005208502413003031,0.01152863920062827,-0.017397571524227235,0.027814576350233298,fan_norm,pro_dancer,Lacey Schwimmer,raw_coef
C(ballroom_partner)[T.Lindsay Arnold],0.02428967589497059,0.011291252529279913,0.0021490845312535506,0.04643026725868763,fan_norm,pro_dancer,Lindsay Arnold,raw_coef
C(ballroom_partner)[T.Louis van Amstel],0.00416677781130071,0.010791468760102842,-0.01699380640308783,0.025327362025689252,fan_norm,pro_dancer,Louis van Amstel,raw_coef
C(ballroom_partner)[T.Maksim Chmerkoskiy],0.002943624409654695,0.009430863634185717,-0.01554900051304391,0.0214362493323533,fan_norm,pro_dancer,Maksim Chmerkoskiy,raw_coef
C(ballroom_partner)[T.Mark Ballas],-0.005904820738848992,0.009224096592019405,-0.023992003964426974,0.01218236248672899,fan_norm,pro_dancer,Mark Ballas,raw_coef
C(ballroom_partner)[T.Nick Kosovich],-0.028528118064563016,0.01861236721064614,-0.06502440717454032,0.007968171045414283,fan_norm,pro_dancer,Nick Kosovich,raw_coef
C(ballroom_partner)[T.Pasha Pashkov],-0.0065753718386532605,0.029686573579792572,-0.06478665468036499,0.05163591100305846,fan_norm,pro_dancer,Pasha Pashkov,raw_coef
C(ballroom_partner)[T.Peta Murgatroyd],-0.0022168057525057657,0.009599291411220599,-0.021039694352857356,0.016606082847845826,fan_norm,pro_dancer,Peta Murgatroyd,raw_coef
C(ballroom_partner)[T.Rylee Arnold],0.22197901828312636,0.044419859594720404,0.13487779039276843,0.3090802461734843,fan_norm,pro_dancer,Rylee Arnold,raw_coef
C(ballroom_partner)[T.Sasha Farber],0.0009411388116525211,0.010835799464999896,-0.02030637181054118,0.02218864943384622,fan_norm,pro_dancer,Sasha Farber,raw_coef
C(ballroom_partner)[T.Sharna Burgess],0.0010193882899066288,0.009096528903803034,-0.016817652265609852,0.01885642884542311,fan_norm,pro_dancer,Sharna Burgess,raw_coef
C(ballroom_partner)[T.Tony Dovolani],0.007130941997291438,0.009146427972589109,-0.010803943760832779,0.025065827755415656,fan_norm,pro_dancer,Tony Dovolani,raw_coef
C(ballroom_partner)[T.Tristan MacManus],0.015213535790604473,0.011450602281944711,-0.007239518495052518,0.03766659007626146,fan_norm,pro_dancer,Tristan MacManus,raw_coef
C(ballroom_partner)[T.Tyne Stecklein],0.0022276562531521947,0.015748360611729902,-0.028652710300389517,0.03310802280669391,fan_norm,pro_dancer,Tyne Stecklein,raw_coef
C(ballroom_partner)[T.Val Chmerkovskiy],0.04501717628902913,0.08927802446885824,-0.13004473578840636,0.22007908836646461,fan_norm,pro_dancer,Val Chmerkovskiy,raw_coef
C(ballroom_partner)[T.Val Chmerkovskiy (Joey Graziadei week 9)],0.2509284410662476,0.07151519294566402,0.11069699559982463,0.39115988653267064,fan_norm,pro_dancer,Val Chmerkovskiy (Joey Graziadei week 9),raw_coef
C(ballroom_partner)[T.Valentin Chmerkovskiy],0.008087405272360454,0.009311631590705891,-0.010171422031756671,0.026346232576477578,fan_norm,pro_dancer,Valentin Chmerkovskiy,raw_coef
C(ballroom_partner)[T.Witney Carson],0.001346181807355384,0.009533961559376955,-0.017348603949687062,0.020040967564397834,fan_norm,pro_dancer,Witney Carson,raw_coef
C(ballroom_partner)[T.Witney Carson (Xoshitl Gomez week 9)],0.24299841182011428,0.07214864482172607,0.1015248544533418,0.38447196918688675,fan_norm,pro_dancer,Witney Carson (Xoshitl Gomez week 9),raw_coef
C(celebrity_industry)[T.Fashion],-0.018133250417444145,0.00482441491294918,-0.02759326372240229,-0.008673237112485998,fan_norm,industry,Fashion,raw_coef
C(celebrity_industry)[T.Media],0.0068406343387978075,0.0033380002160307565,0.0002952755698314201,0.013385993107764196,fan_norm,industry,Media,raw_coef
C(celebrity_industry)[T.Music],-0.0023785184588629347,0.0030500433817638815,-0.00835923352852672,0.0036021966108008507,fan_norm,industry,Music,raw_coef
C(celebrity_industry)[T.Other],0.010060951176840057,0.004536552306211581,0.0011653968039750714,0.018956505549705044,fan_norm,industry,Other,raw_coef
C(celebrity_industry)[T.Politics],0.010969867085084574,0.010917022941016038,-0.010436911588811158,0.032376645758980305,fan_norm,industry,Politics,raw_coef
C(celebrity_industry)[T.Social Media],0.0015745443810533538,0.011355040167682967,-0.020691125757784184,0.02384021451989089,fan_norm,industry,Social Media,raw_coef
C(celebrity_industry)[T.Sports],0.003506253422407566,0.003108553812346305,-0.0025891925445310133,0.009601699389346146,fan_norm,industry,Sports,raw_coef
C(season)[T.2],0.07743009257384414,0.036704016907665685,0.005458569693431448,0.14940161545425684,fan_norm,other,C(season)[T.2],raw_coef
C(season)[T.3],-0.4030930863642562,0.030603302878845686,-0.46310194912448,-0.34308422360403246,fan_norm,other,C(season)[T.3],raw_coef
C(season)[T.4],-0.3945405045923028,0.030199506119675753,-0.4537575775120645,-0.33532343167254103,fan_norm,other,C(season)[T.4],raw_coef
C(season)[T.5],-0.4253864051369682,0.029938576494518664,-0.48409183099274744,-0.3666809792811889,fan_norm,other,C(season)[T.5],raw_coef
C(season)[T.6],-0.42702939150104335,0.030008440532030282,-0.4858718111138529,-0.3681869718882338,fan_norm,other,C(season)[T.6],raw_coef
C(season)[T.7],-0.42278355406961443,0.030026430245382006,-0.4816612490330583,-0.36390585910617057,fan_norm,other,C(season)[T.7],raw_coef
C(season)[T.8],-0.42436390878760816,0.029918648562905922,-0.4830302587136429,-0.3656975588615734,fan_norm,other,C(season)[T.8],raw_coef
C(season)[T.9],-0.4340899598192352,0.02976173245489197,-0.49244861886536867,-0.37573130077310174,fan_norm,other,C(season)[T.9],raw_coef
C(season)[T.10],-0.4195282605066116,0.030022949788280216,-0.4783991307729504,-0.3606573902402729,fan_norm,other,C(season)[T.10],raw_coef
C(season)[T.11],-0.4318607029003744,0.029933030295792168,-0.4905552534241826,-0.37316615237656625,fan_norm,other,C(season)[T.11],raw_coef
C(season)[T.12],-0.4292100192419161,0.03009882977250563,-0.4882296797083734,-0.3701903587754588,fan_norm,other,C(season)[T.12],raw_coef
C(season)[T.13],-0.44188964620673093,0.029899306771623106,-0.5005180695434945,-0.3832612228699674,fan_norm,other,C(season)[T.13],raw_coef
C(season)[T.14],-0.4279972011149439,0.02996238877087738,-0.4867493195656262,-0.36924508266426154,fan_norm,other,C(season)[T.14],raw_coef
C(season)[T.15],-0.4397826416766876,0.02980309187863232,-0.4982224008574341,-0.38134288249594117,fan_norm,other,C(season)[T.15],raw_coef
C(season)[T.16],-0.41625746512652784,0.030187277965323868,-0.4754505603194665,-0.3570643699335892,fan_norm,other,C(season)[T.16],raw_coef
C(season)[T.17],-0.43069951372784615,0.03004508339832425,-0.4896137849556033,-0.371785242500089,fan_norm,other,C(season)[T.17],raw_coef
C(season)[T.18],-0.4296870887529527,0.0304424931704888,-0.48938062581916547,-0.3699935516867399,fan_norm,other,C(season)[T.18],raw_coef
C(season)[T.19],-0.43811995004816356,0.030005048404219112,-0.49695571816544365,-0.3792841819308835,fan_norm,other,C(season)[T.19],raw_coef
C(season)[T.20],-0.42486151972902936,0.03001545990575996,-0.48371770336712977,-0.36600533609092895,fan_norm,other,C(season)[T.20],raw_coef
C(season)[T.21],-0.4221293279007581,0.029989384005613705,-0.48093438028941715,-0.363324275512099,fan_norm,other,C(season)[T.21],raw_coef
C(season)[T.22],-0.4213209005989465,0.030019115039155064,-0.48018425145030963,-0.3624575497475834,fan_norm,other,C(season)[T.22],raw_coef
C(season)[T.23],-0.42746042650781535,0.0301877873627455,-0.486654520558952,-0.3682663324566787,fan_norm,other,C(season)[T.23],raw_coef
C(season)[T.24],-0.4140317043887905,0.03014445674956251,-0.47314083307425703,-0.354922575703324,fan_norm,other,C(season)[T.24],raw_coef
C(season)[T.25],-0.42326167081719346,0.030036767496617427,-0.48215963570683323,-0.3643637059275537,fan_norm,other,C(season)[T.25],raw_coef
C(season)[T.26],-0.4235004288625542,0.030743198337361298,-0.4837836073528178,-0.3632172503722906,fan_norm,other,C(season)[T.26],raw_coef
C(season)[T.27],-0.42293029953645145,0.030105728722638843,-0.48196348789410964,-0.36389711117879325,fan_norm,other,C(season)[T.27],raw_coef
C(season)[T.28],0.07181494265557543,0.03809500186538788,-0.0028841101832845356,0.1465139954944354,fan_norm,other,C(season)[T.28],raw_coef
C(season)[T.29],0.02279445563256485,0.03588313273592613,-0.047567426425777964,0.09315633769090767,fan_norm,other,C(season)[T.29],raw_coef
C(season)[T.30],-0.28345469282375096,0.030793606177488282,-0.3438367141471622,-0.22307267150033971,fan_norm,other,C(season)[T.30],raw_coef
C(season)[T.31],0.03307348784562645,0.03668285949046876,-0.03885654825311575,0.10500352394436865,fan_norm,other,C(season)[T.31],raw_coef
C(season)[T.32],-0.037799505122461226,0.035902853462766664,-0.10820005681052311,0.032601046565600665,fan_norm,other,C(season)[T.32],raw_coef
C(season)[T.33],-0.029484348862871292,0.0374144406428465,-0.10284891486006274,0.04388021713432015,fan_norm,other,C(season)[T.33],raw_coef
C(season)[T.34],-0.1737457724875948,0.03845584836982022,-0.24915239563178132,-0.09833914934340825,fan_norm,other,C(season)[T.34],raw_coef
C(week)[T.2],-0.019709750821423205,0.0032584949031129137,-0.026099210619926067,-0.013320291022920342,fan_norm,other,C(week)[T.2],raw_coef
C(week)[T.3],-0.014904595940313901,0.003729262839482303,-0.022217166835594236,-0.007592025045033566,fan_norm,other,C(week)[T.3],raw_coef
C(week)[T.4],-0.016382909798361794,0.003864866179857227,-0.023961380171048263,-0.008804439425675326,fan_norm,other,C(week)[T.4],raw_coef
C(week)[T.5],-0.011992609596701644,0.004135376461407013,-0.020101513381265743,-0.003883705812137546,fan_norm,other,C(week)[T.5],raw_coef
C(week)[T.6],-0.012821387714396403,0.0042835097217235356,-0.02122076042395694,-0.004422015004835866,fan_norm,other,C(week)[T.6],raw_coef
C(week)[T.7],-0.011433421334154625,0.004604968645144851,-0.020463130726491103,-0.002403711941818147,fan_norm,other,C(week)[T.7],raw_coef
C(week)[T.8],0.00584277645793773,0.005526713129685483,-0.004994346941042669,0.01667989985691813,fan_norm,other,C(week)[T.8],raw_coef
C(week)[T.9],0.021431027687723328,0.007163586970921586,0.007384220089511078,0.03547783528593558,fan_norm,other,C(week)[T.9],raw_coef
C(week)[T.10],0.06715001421293622,0.011655170545190125,0.0442958297328427,0.09000419869302974,fan_norm,other,C(week)[T.10],raw_coef
C(week)[T.11],0.06480782346722791,0.0196917661873796,0.026194981601008784,0.10342066533344704,fan_norm,other,C(week)[T.11],raw_coef
celebrity_age_during_season,-0.008239281502529595,0.0012528507501265906,-0.010695949301460509,-0.00578261370359868,fan_norm,age_1sd,age_1sd,age_1sd_scaled
